{
  "contacts": [
    {
      "id": "765a3b30-1d9e-4c08-adfd-3c1dbd75d9ae",
      "name": "Gigi Ho",
      "email": "gigi@yahoo.com.my"
    },
    {
      "id": "3795512b-61b2-40df-bd4d-e8f09775eca2",
      "name": "Jung Jin Toh",
      "email": "taenyforever97+4@gmail.com"
    },
    {
      "id": "d0dbb660-08ba-4842-8a88-05247e33f3d4",
      "name": "Konni",
      "email": "konni@gmail.com"
    },
    {
      "id": "cbb8ddea-b881-40aa-a2a4-5cfbde214e99",
      "name": "Kroni",
      "email": "mamama@gmail.com"
    }
  ],
  "meals": [
    {
      "id": "1693029677905",
      "title": "Chicken Rice",
      "description": "Delicacy from Singapore",
      "price": 10.9,
      "image": "https://i.ibb.co/HTqjFZT/28092301-23124227-istock-1302272289-cover-1600x944-cover-1600x944.webp"
    },
    {
      "id": "1693239418695",
      "title": "Sisig",
      "description": "Filipino Delight",
      "price": 16.9,
      "image": "https://i.ibb.co/1z9hyhF/Authentic-Kapampangan-Sisig.jpg"
    }
  ]
}